{
  "description": "Data are sourced from the World Bank, International Comparison Program database. One dataset is provided: PPP conversion factor, GDP (LCU per international $).",
  "licenses": [
    {
      "name": "ODC-PDDL-1.0",
      "path": "http://opendatacommons.org/licenses/pddl/",
      "title": "Open Data Commons Public Domain Dedication and License v1.0"
    }
  ],
  "name": "ppp",
  "resources": [
    {
      "format": "csv",
      "mediatype": "text/csv",
      "name": "ppp-gdp",
      "path": "data/ppp-gdp.csv",
      "schema": {
        "fields": [
          {
            "name": "Country",
            "type": "string"
          },
          {
            "description": "ISO 3166-1 alpha-2 code",
            "name": "Country ID",
            "type": "string"
          },
          {
            "description": "Relevant year",
            "name": "Year",
            "type": "year"
          },
          {
            "description": "PPP conversion factor, GDP (LCU per international $)",
            "name": "PPP",
            "type": "number"
          }
        ]
      }
    }
  ],
  "sources": [
    {
      "name": "PPP conversion factor, GDP (LCU per international $). World Bank, International Comparison Program database.",
      "path": "http://data.worldbank.org/indicator/PA.NUS.PPP",
      "title": "PPP conversion factor, GDP (LCU per international $). World Bank, International Comparison Program database."
    }
  ],
  "title": "Purchasing power parity (PPP)",
  "version": "0.1.0"
}
