{
  "description": "Population figures for countries, regions (e.g. Asia) and the world. Data comes originally from World Bank and has been converted into standard CSV.",
  "keywords": [
    "Population",
    "World",
    "Time series"
  ],
  "last_updated": "2012-10-18",
  "licenses": [
    {
      "name": "ODC-PDDL-1.0",
      "path": "http://opendatacommons.org/licenses/pddl/",
      "title": "Open Data Commons Public Domain Dedication and License v1.0"
    }
  ],
  "name": "population",
  "resources": [
    {
      "format": "csv",
      "name": "population",
      "path": "data/population.csv",
      "schema": {
        "fields": [
          {
            "name": "Country Name",
            "type": "string"
          },
          {
            "name": "Country Code",
            "type": "string"
          },
          {
            "name": "Year",
            "type": "year"
          },
          {
            "name": "Value",
            "type": "number"
          }
        ]
      }
    }
  ],
  "sources": [
    {
      "name": "World Bank",
      "path": "http://data.worldbank.org/indicator/SP.POP.TOTL",
      "title": "World Bank"
    }
  ],
  "title": "Population figures for countries, regions (e.g. Asia) and the world",
  "version": "2011",
  "views": [
    {
      "name": "world-population-trend",
      "title": "World population trend",
      "specType": "simple",
      "resources": [
        {
          "name": "population",
          "transform": [
            {
              "type": "filter",
              "expression": "data['Country Code'] === 'WLD'"
            }
          ]
        }
      ],
      "spec": {
        "type": "line",
        "group": "Year",
        "series": [
          "Value"
        ]
      }
    },
    {
      "name": "china-population-trend",
      "title": "China population trend",
      "specType": "simple",
      "resources": [
        {
          "name": "population",
          "transform": [
            {
              "type": "filter",
              "expression": "data['Country Code'] === 'CHN'"
            }
          ]
        }
      ],
      "spec": {
        "type": "line",
        "group": "Year",
        "series": [
          "Value"
        ]
      }
    },
    {
      "name": "us-population-trend",
      "title": "US population trend",
      "specType": "simple",
      "resources": [
        {
          "name": "population",
          "transform": [
            {
              "type": "filter",
              "expression": "data['Country Code'] === 'USA'"
            }
          ]
        }
      ],
      "spec": {
        "type": "line",
        "group": "Year",
        "series": [
          "Value"
        ]
      }
    }
  ]
}
