{
  "bytes": 415649,
  "count_of_rows": 23161,
  "descriptor": "A variety of temporal granularities for Europe Brent and WTI (West Texas Intermediate) Spot Prices.",
  "hash": "f161f6aea336d2b9c4873447e36a9bf6",
  "keywords": [
    "Oil",
    "Brent",
    "WTI",
    "Oil Prices",
    "eia",
    "oil eia"
  ],
  "licenses": [
    {
      "name": "ODC-PDDL-1.0",
      "path": "http://opendatacommons.org/licenses/pddl/",
      "title": "Open Data Commons Public Domain Dedication and License v1.0"
    }
  ],
  "name": "oil-prices",
  "profile": "data-package",
  "resources": [
    {
      "bytes": 162690,
      "dialect": {
        "caseSensitiveHeader": false,
        "delimiter": ",",
        "doubleQuote": true,
        "header": true,
        "lineTerminator": "\r\n",
        "quoteChar": "\"",
        "skipInitialSpace": false
      },
      "encoding": "utf-8",
      "format": "csv",
      "hash": "79f124191669e37bfdbe44c8b88caf35",
      "name": "brent-daily",
      "path": "data/brent-daily.csv",
      "profile": "tabular-data-resource",
      "schema": {
        "fields": [
          {
            "format": "%Y-%m-%d",
            "name": "Date",
            "type": "date"
          },
          {
            "decimalChar": ".",
            "format": "default",
            "groupChar": "",
            "name": "Price",
            "type": "number"
          }
        ],
        "missingValues": [
          ""
        ]
      }
    },
    {
      "bytes": 33566,
      "dialect": {
        "caseSensitiveHeader": false,
        "delimiter": ",",
        "doubleQuote": true,
        "header": true,
        "lineTerminator": "\r\n",
        "quoteChar": "\"",
        "skipInitialSpace": false
      },
      "encoding": "utf-8",
      "format": "csv",
      "hash": "90c7c6222ac0794c38a126fd82da1ea6",
      "name": "brent-week",
      "path": "data/brent-weekly.csv",
      "profile": "tabular-data-resource",
      "schema": {
        "fields": [
          {
            "format": "%Y-%m-%d",
            "name": "Date",
            "type": "date"
          },
          {
            "decimalChar": ".",
            "format": "default",
            "groupChar": "",
            "name": "Price",
            "type": "number"
          }
        ],
        "missingValues": [
          ""
        ]
      }
    },
    {
      "bytes": 7742,
      "dialect": {
        "caseSensitiveHeader": false,
        "delimiter": ",",
        "doubleQuote": true,
        "header": true,
        "lineTerminator": "\r\n",
        "quoteChar": "\"",
        "skipInitialSpace": false
      },
      "encoding": "utf-8",
      "format": "csv",
      "hash": "67cc8b8691f404609f24f9095ea63cf8",
      "name": "brent-month",
      "path": "data/brent-monthly.csv",
      "profile": "tabular-data-resource",
      "schema": {
        "fields": [
          {
            "format": "%Y-%m-%d",
            "name": "Date",
            "type": "date"
          },
          {
            "decimalChar": ".",
            "format": "default",
            "groupChar": "",
            "name": "Price",
            "type": "number"
          }
        ],
        "missingValues": [
          ""
        ]
      }
    },
    {
      "bytes": 662,
      "dialect": {
        "caseSensitiveHeader": false,
        "delimiter": ",",
        "doubleQuote": true,
        "header": true,
        "lineTerminator": "\r\n",
        "quoteChar": "\"",
        "skipInitialSpace": false
      },
      "encoding": "utf-8",
      "format": "csv",
      "hash": "dc0c2e9a91a0494421ee1bd9813faecc",
      "name": "brent-year",
      "path": "data/brent-year.csv",
      "profile": "tabular-data-resource",
      "schema": {
        "fields": [
          {
            "format": "%Y-%m-%d",
            "name": "Date",
            "type": "date"
          },
          {
            "decimalChar": ".",
            "format": "default",
            "groupChar": "",
            "name": "Price",
            "type": "number"
          }
        ],
        "missingValues": [
          ""
        ]
      }
    },
    {
      "bytes": 167582,
      "dialect": {
        "caseSensitiveHeader": false,
        "delimiter": ",",
        "doubleQuote": true,
        "header": true,
        "lineTerminator": "\r\n",
        "quoteChar": "\"",
        "skipInitialSpace": false
      },
      "encoding": "utf-8",
      "format": "csv",
      "hash": "27afce64a05b14e91a9e3f160981bf81",
      "name": "wti-daily",
      "path": "data/wti-daily.csv",
      "profile": "tabular-data-resource",
      "schema": {
        "fields": [
          {
            "format": "%Y-%m-%d",
            "name": "Date",
            "type": "date"
          },
          {
            "decimalChar": ".",
            "format": "default",
            "groupChar": "",
            "name": "Price",
            "type": "number"
          }
        ],
        "missingValues": [
          ""
        ]
      }
    },
    {
      "bytes": 34738,
      "dialect": {
        "caseSensitiveHeader": false,
        "delimiter": ",",
        "doubleQuote": true,
        "header": true,
        "lineTerminator": "\r\n",
        "quoteChar": "\"",
        "skipInitialSpace": false
      },
      "encoding": "utf-8",
      "format": "csv",
      "hash": "52606bfd4e462b34763e5c214aba7b6e",
      "name": "wti-week",
      "path": "data/wti-weekly.csv",
      "profile": "tabular-data-resource",
      "schema": {
        "fields": [
          {
            "format": "%Y-%m-%d",
            "name": "Date",
            "type": "date"
          },
          {
            "decimalChar": ".",
            "format": "default",
            "groupChar": "",
            "name": "Price",
            "type": "number"
          }
        ],
        "missingValues": [
          ""
        ]
      }
    },
    {
      "bytes": 7995,
      "dialect": {
        "caseSensitiveHeader": false,
        "delimiter": ",",
        "doubleQuote": true,
        "header": true,
        "lineTerminator": "\r\n",
        "quoteChar": "\"",
        "skipInitialSpace": false
      },
      "encoding": "utf-8",
      "format": "csv",
      "hash": "fc657be2a77bed93fe492666dc3e929a",
      "name": "wti-month",
      "path": "data/wti-monthly.csv",
      "profile": "tabular-data-resource",
      "schema": {
        "fields": [
          {
            "format": "%Y-%m-%d",
            "name": "Date",
            "type": "date"
          },
          {
            "decimalChar": ".",
            "format": "default",
            "groupChar": "",
            "name": "Price",
            "type": "number"
          }
        ],
        "missingValues": [
          ""
        ]
      }
    },
    {
      "bytes": 674,
      "dialect": {
        "caseSensitiveHeader": false,
        "delimiter": ",",
        "doubleQuote": true,
        "header": true,
        "lineTerminator": "\r\n",
        "quoteChar": "\"",
        "skipInitialSpace": false
      },
      "encoding": "utf-8",
      "format": "csv",
      "hash": "91461cbb00b49a4bac329606182814fa",
      "name": "wti-year",
      "path": "data/wti-year.csv",
      "profile": "tabular-data-resource",
      "schema": {
        "fields": [
          {
            "format": "%Y-%m-%d",
            "name": "Date",
            "type": "date"
          },
          {
            "decimalChar": ".",
            "format": "default",
            "groupChar": "",
            "name": "Price",
            "type": "number"
          }
        ],
        "missingValues": [
          ""
        ]
      }
    }
  ],
  "sources": [
    {
      "name": "Daily Europe Brent Spot Price",
      "path": "https://www.eia.gov/dnav/pet/hist_xls/RBRTEd.xls",
      "title": "Daily Europe Brent Spot Price"
    },
    {
      "name": "Weekly Europe Brent Spot Price",
      "path": "https://www.eia.gov/dnav/pet/hist_xls/RBRTEw.xls",
      "title": "Weekly Europe Brent Spot Price"
    },
    {
      "name": "Monthly Europe Brent Spot Price",
      "path": "https://www.eia.gov/dnav/pet/hist_xls/RBRTEm.xls",
      "title": "Monthly Europe Brent Spot Price"
    },
    {
      "name": "Annual Europe Brent Spot Price",
      "path": "https://www.eia.gov/dnav/pet/hist_xls/RBRTEa.xls",
      "title": "Annual Europe Brent Spot Price"
    },
    {
      "name": "Daily Cushing, OK WTI Spot Price",
      "path": "http://www.eia.gov/dnav/pet/hist_xls/RWTCd.xls",
      "title": "Daily Cushing, OK WTI Spot Price"
    },
    {
      "name": "Weekly Cushing, OK WTI Spot Price",
      "path": "http://www.eia.gov/dnav/pet/hist_xls/RWTCw.xls",
      "title": "Weekly Cushing, OK WTI Spot Price"
    },
    {
      "name": "Monthly Cushing, OK WTI Spot Price",
      "path": "http://www.eia.gov/dnav/pet/hist_xls/RWTCm.xls",
      "title": "Monthly Cushing, OK WTI Spot Price"
    },
    {
      "name": "Annual Cushing, OK WTI Spot Price",
      "path": "http://www.eia.gov/dnav/pet/hist_xls/RWTCa.xls",
      "title": "Annual Cushing, OK WTI Spot Price"
    }
  ],
  "title": "Brent and WTI Spot Prices",
  "views": [
    {
      "name": "graph",
      "resourceName": "brent-day",
      "spec": {
        "group": "Date",
        "series": [
          "Brent Spot Price"
        ],
        "type": "line"
      },
      "specType": "simple",
      "title": "Europe Brent Spot Price FOB (Dollars per Barrel)"
    }
  ]
}